<Customization level="" description="" product-version="23.112">
    <File AppRelativePath="Bin\BCNSK.V.2.0.dll" />
    <File AppRelativePath="Bin\BCNSK.V.2.0.pdb" />
    <Sql TableName="BCNSKNonStkKitAvailView_" SqlScriptPriority="3" CustomScript="#CDATA">
        <CDATA name="CustomScript"><![CDATA[CREATE OR REPLACE VIEW BCNSKNonStockKitAvail AS
SELECT 
INKitSpecStkDet.KitInventoryID,
INSite.SiteID,
INKitSpecStkDet.CompanyID,
UnshippedNonStkKits.SumUnshippedQty AS KitUnshippedQty,
FLOOR(MIN(CASE WHEN INKitSpecStkDet.DfltCompQty > 0 THEN IFNULL(IFNULL(UnShippedNonStockKitsPerItem.NewQtyAvail, UnShippedNonStockKitsPerItem.NativeQtyAvail),0.1) / INKitSpecStkDet.DfltCompQty ELSE 0.1 END)) AS MaxKitQtyAvail
FROM 
INKitSpecStkDet
CROSS JOIN INSite AS INSite
LEFT JOIN BCNSKUnShippedNonStockKitsPerItemView AS UnShippedNonStockKitsPerItem
	ON 
    INKitSpecStkDet.CompInventoryID = UnShippedNonStockKitsPerItem.InventoryID 
    AND
    INSite.SiteID = UnShippedNonStockKitsPerItem.SiteID
    AND 
    INKitSpecStkDet.CompanyID = UnShippedNonStockKitsPerItem.CompanyID
LEFT JOIN InventoryItem AS KitItem
	ON 
    INKitSpecStkDet.KitInventoryID = KitItem.InventoryID
    AND 
    INKitSpecStkDet.CompanyID = KitItem.CompanyID
LEFT JOIN InventoryItem AS CompItem
    ON 
    INKitSpecStkDet.CompInventoryID = CompItem.InventoryID
    AND 
    INKitSpecStkDet.CompanyID = CompItem.CompanyID
LEFT JOIN UnshippedNonStkKits AS UnshippedNonStkKits
    ON 
    INKitSpecStkDet.KitInventoryID = UnshippedNonStkKits.InventoryID
    AND
    UnShippedNonStockKitsPerItem.SiteID = UnshippedNonStkKits.SiteID
    AND
    INKitSpecStkDet.CompanyID = UnshippedNonStkKits.CompanyID
WHERE 
KitItem.StkItem = 0
AND
KitItem.ItemStatus != 'Inactive'
AND
CompItem.StkItem = 1
AND
INSite.Active = 1
GROUP BY 
INKitSpecStkDet.KitInventoryID,
INSite.siteID,
INKitSpecStkDet.CompanyID,
UnshippedNonStkKits.SumUnshippedQty
;]]></CDATA>
    </Sql>
    <Sql TableName="BCNSKUnShippedNonStockKitsPerItemView_" SqlScriptPriority="2" CustomScript="#CDATA">
        <CDATA name="CustomScript"><![CDATA[CREATE OR REPLACE VIEW BCNSKUnShippedNonStockKitsPerItemView AS
SELECT 
    INKitSpecStkDet.CompanyID AS CompanyID,
    INKitSpecStkDet.CompInventoryID AS InventoryID,
    INSiteStatus.SiteID AS SiteID,
    INSiteStatus.QtyAvail AS NativeQtyAvail,
    SUM(UnshippedNonStkKits.SumUnshippedQty) AS SumUnshippedQty,
    SUM(UnshippedNonStkKits.SumUnshippedQty*INKitSpecStkDet.DfltCompQty) AS ReductionQuantity,
    INSiteStatus.QtyAvail-SUM(UnshippedNonStkKits.SumUnshippedQty*INKitSpecStkDet.DfltCompQty) AS NewQtyAvail
FROM
    INKitSpecStkDet
LEFT JOIN INSiteStatus
	ON 
    INKitSpecStkDet.CompInventoryID = INSiteStatus.InventoryID 
    AND 
    INKitSpecStkDet.CompanyID = INSiteStatus.CompanyID
LEFT JOIN UnshippedNonStkKits AS UnshippedNonStkKits
    ON 
    INKitSpecStkDet.KitInventoryID = UnshippedNonStkKits.InventoryID
    AND
    INSiteStatus.SiteID = UnshippedNonStkKits.SiteID
    AND
    INKitSpecStkDet.CompanyID = UnshippedNonStkKits.CompanyID
LEFT JOIN InventoryItem AS KitItem
	ON 
    INKitSpecStkDet.KitInventoryID = KitItem.InventoryID
    AND 
    INKitSpecStkDet.CompanyID = KitItem.CompanyID
LEFT JOIN InventoryItem AS CompItem
    ON 
    INKitSpecStkDet.CompInventoryID = CompItem.InventoryID
    AND 
    INKitSpecStkDet.CompanyID = CompItem.CompanyID
WHERE 
KitItem.StkItem = 0
AND
KitItem.ItemStatus != 'Inactive'
AND
CompItem.StkItem = 1
GROUP BY
    INKitSpecStkDet.CompInventoryID,
    INSiteStatus.SiteID,
    INKitSpecStkDet.CompanyID,
    INSiteStatus.QtyAvail
;]]></CDATA>
    </Sql>
    <Sql TableName="UnshippedNonStkKits_" SqlScriptPriority="1" CustomScript="#CDATA">
        <CDATA name="CustomScript"><![CDATA[#GET UnshippedNonStkKits
CREATE OR REPLACE VIEW UnshippedNonStkKits AS
SELECT
SOLine.InventoryID AS InventoryID,
SOLine.CompanyID AS CompanyID,
SOLine.SiteID AS SiteID,
IFNULL(SUM(SOLine.OrderQty-SOLine.shippedQty),0) AS SumUnshippedQty,
IFNULL(SUM(SOLine.OrderQty),0)  AS SumOrderQty,
IFNULL(SUM(SOLine.shippedQty),0)  AS SumShippedQty
FROM
SOLine
LEFT JOIN InventoryItem
    ON
    SOLine.InventoryID = InventoryItem.InventoryID
WHERE
InventoryItem.KitItem = 1
AND
InventoryItem.StkItem = 0
AND
SOLine.OrderType = 'SO'
AND
SOLine.Completed =0
GROUP BY SOLine.InventoryID, SOLine.CompanyID, SOLine. SiteID
;]]></CDATA>
    </Sql>
</Customization>