<Customization level="" description="" product-version="23.112">
    <File AppRelativePath="Bin\BCNSK.V.2.0.dll" />
    <File AppRelativePath="Bin\BCNSK.V.2.0.pdb" />
    <GenericInquiryScreen>
        <data-set>
            <relations format-version="3" relations-version="20230829" main-table="GIDesign" stable-sharing="True" file-name="(Name)">
                <link from="GIFilter (DesignID)" to="GIDesign (DesignID)" />
                <link from="GIGroupBy (DesignID)" to="GIDesign (DesignID)" />
                <link from="GIMassAction (DesignID)" to="GIDesign (DesignID)" />
                <link from="GIMassUpdateField (DesignID)" to="GIDesign (DesignID)" />
                <link from="GINavigationScreen (DesignID)" to="GIDesign (DesignID)" />
                <link from="GINavigationParameter (DesignID, NavigationScreenLineNbr)" to="GINavigationScreen (DesignID, LineNbr)" />
                <link from="GINavigationCondition (DesignID, NavigationScreenLineNbr)" to="GINavigationScreen (DesignID, LineNbr)" />
                <link from="GIOn (DesignID, RelationNbr)" to="GIRelation (DesignID, LineNbr)" />
                <link from="GIRecordDefault (DesignID)" to="GIDesign (DesignID)" />
                <link from="GIRelation (DesignID, ParentTable)" to="GITable (DesignID, Alias)" />
                <link from="GIRelation (DesignID, ChildTable)" to="GITable (DesignID, Alias)" />
                <link from="GIResult (DesignID)" to="GIDesign (DesignID)" />
                <link from="GIResult (ObjectName, DesignID)" to="GITable (Alias, DesignID)" />
                <link from="GISort (DesignID)" to="GIDesign (DesignID)" />
                <link from="GITable (DesignID)" to="GIDesign (DesignID)" />
                <link from="GIWhere (DesignID)" to="GIDesign (DesignID)" />
                <link from="SiteMap (Url)" to="GIDesign (DesignID)" type="WeakByUrl" linkname="toDesignById" baseurl="~/GenericInquiry/GenericInquiry.aspx" paramnames="id" />
                <link from="SiteMap (Url)" to="GIDesign (Name)" type="WeakByUrl" linkname="toDesignByName" baseurl="~/GenericInquiry/GenericInquiry.aspx" />
                <link from="ListEntryPoint (ListScreenID)" to="SiteMap (ScreenID)" />
                <link from="SiteMap (ScreenID)" to="GIDesign (PrimaryScreenIDNew)" linkname="to1Screen" />
                <link from="FilterHeader (ScreenID)" to="SiteMap (ScreenID)" />
                <link from="FilterRow (FilterID)" to="FilterHeader (FilterID)" />
                <link from="PivotTable (NoteID)" to="FilterHeader (RefNoteID)" />
                <link from="PivotField (ScreenID, PivotTableID)" to="PivotTable (ScreenID, PivotTableID)" />
                <link from="MUIScreen (NodeID)" to="SiteMap (NodeID)" />
                <link from="MUIWorkspace (WorkspaceID)" to="MUIScreen (WorkspaceID)" type="FromMaster" linkname="workspaceToScreen" split-location="yes" updateable="True" />
                <link from="MUISubcategory (SubcategoryID)" to="MUIScreen (SubcategoryID)" type="FromMaster" updateable="True" />
                <link from="MUITile (ScreenID)" to="SiteMap (ScreenID)" />
                <link from="MUIWorkspace (WorkspaceID)" to="MUITile (WorkspaceID)" type="FromMaster" linkname="workspaceToTile" split-location="yes" updateable="True" />
                <link from="MUIArea (AreaID)" to="MUIWorkspace (AreaID)" type="FromMaster" updateable="True" />
                <link from="MUIPinnedScreen (NodeID, WorkspaceID)" to="MUIScreen (NodeID, WorkspaceID)" type="WeakIfEmpty" isEmpty="Username" />
                <link from="MUIFavoriteWorkspace (WorkspaceID)" to="MUIWorkspace (WorkspaceID)" type="WeakIfEmpty" isEmpty="Username" />
                <link from="GIDesign (NoteID)" to="Note (NoteID)" type="Note" />
                <link from="GIFilter (NoteID)" to="Note (NoteID)" type="Note" />
                <link from="GIFilter (NoteID)" to="GIFilterKvExt (RecordID)" type="RowKvExt" />
                <link from="GIGroupBy (NoteID)" to="Note (NoteID)" type="Note" />
                <link from="GIOn (NoteID)" to="Note (NoteID)" type="Note" />
                <link from="GIRelation (NoteID)" to="Note (NoteID)" type="Note" />
                <link from="GIResult (NoteID)" to="Note (NoteID)" type="Note" />
                <link from="GIResult (NoteID)" to="GIResultKvExt (RecordID)" type="RowKvExt" />
                <link from="GISort (NoteID)" to="Note (NoteID)" type="Note" />
                <link from="GITable (NoteID)" to="Note (NoteID)" type="Note" />
                <link from="GIWhere (NoteID)" to="Note (NoteID)" type="Note" />
                <link from="FilterHeader (NoteID)" to="Note (NoteID)" type="Note" />
                <link from="FilterHeader (NoteID)" to="FilterHeaderKvExt (RecordID)" type="RowKvExt" />
            </relations>
            <layout>
                <table name="GIDesign">
                    <table name="GIFilter" uplink="(DesignID) = (DesignID)">
                        <table name="Note" uplink="(NoteID) = (NoteID)" />
                        <table name="GIFilterKvExt" uplink="(NoteID) = (RecordID)" />
                    </table>
                    <table name="GIGroupBy" uplink="(DesignID) = (DesignID)">
                        <table name="Note" uplink="(NoteID) = (NoteID)" />
                    </table>
                    <table name="GIMassAction" uplink="(DesignID) = (DesignID)" />
                    <table name="GIMassUpdateField" uplink="(DesignID) = (DesignID)" />
                    <table name="GINavigationScreen" uplink="(DesignID) = (DesignID)">
                        <table name="GINavigationParameter" uplink="(DesignID, LineNbr) = (DesignID, NavigationScreenLineNbr)" />
                        <table name="GINavigationCondition" uplink="(DesignID, LineNbr) = (DesignID, NavigationScreenLineNbr)" />
                    </table>
                    <table name="GIRecordDefault" uplink="(DesignID) = (DesignID)" />
                    <table name="GISort" uplink="(DesignID) = (DesignID)">
                        <table name="Note" uplink="(NoteID) = (NoteID)" />
                    </table>
                    <table name="GITable" uplink="(DesignID) = (DesignID)">
                        <table name="GIRelation" uplink="(DesignID, Alias) = (DesignID, ParentTable)">
                            <table name="GIOn" uplink="(DesignID, LineNbr) = (DesignID, RelationNbr)">
                                <table name="Note" uplink="(NoteID) = (NoteID)" />
                            </table>
                            <table name="Note" uplink="(NoteID) = (NoteID)" />
                        </table>
                        <table name="GIResult" uplink="(Alias, DesignID) = (ObjectName, DesignID)">
                            <table name="Note" uplink="(NoteID) = (NoteID)" />
                            <table name="GIResultKvExt" uplink="(NoteID) = (RecordID)" />
                        </table>
                        <table name="Note" uplink="(NoteID) = (NoteID)" />
                    </table>
                    <table name="GIWhere" uplink="(DesignID) = (DesignID)">
                        <table name="Note" uplink="(NoteID) = (NoteID)" />
                    </table>
                    <table name="SiteMap" uplink="(DesignID) = (Url)" linkname="toDesignById">
                        <table name="ListEntryPoint" uplink="(ScreenID) = (ListScreenID)" />
                        <table name="FilterHeader" uplink="(ScreenID) = (ScreenID)">
                            <table name="FilterRow" uplink="(FilterID) = (FilterID)" />
                            <table name="PivotTable" uplink="(RefNoteID) = (NoteID)">
                                <table name="PivotField" uplink="(ScreenID, PivotTableID) = (ScreenID, PivotTableID)" />
                            </table>
                            <table name="Note" uplink="(NoteID) = (NoteID)" />
                            <table name="FilterHeaderKvExt" uplink="(NoteID) = (RecordID)" />
                        </table>
                        <table name="MUIScreen" uplink="(NodeID) = (NodeID)">
                            <table name="MUIPinnedScreen" uplink="(NodeID, WorkspaceID) = (NodeID, WorkspaceID)" />
                        </table>
                        <table name="MUITile" uplink="(ScreenID) = (ScreenID)" />
                    </table>
                    <table name="SiteMap" uplink="(Name) = (Url)" linkname="toDesignByName">
                        <table name="ListEntryPoint" uplink="(ScreenID) = (ListScreenID)" />
                        <table name="FilterHeader" uplink="(ScreenID) = (ScreenID)">
                            <table name="FilterRow" uplink="(FilterID) = (FilterID)" />
                            <table name="PivotTable" uplink="(RefNoteID) = (NoteID)">
                                <table name="PivotField" uplink="(ScreenID, PivotTableID) = (ScreenID, PivotTableID)" />
                            </table>
                            <table name="Note" uplink="(NoteID) = (NoteID)" />
                            <table name="FilterHeaderKvExt" uplink="(NoteID) = (RecordID)" />
                        </table>
                        <table name="MUIScreen" uplink="(NodeID) = (NodeID)">
                            <table name="MUIPinnedScreen" uplink="(NodeID, WorkspaceID) = (NodeID, WorkspaceID)" />
                        </table>
                        <table name="MUITile" uplink="(ScreenID) = (ScreenID)" />
                    </table>
                    <table name="SiteMap" uplink="(PrimaryScreenIDNew) = (ScreenID)" linkname="to1Screen">
                        <table name="ListEntryPoint" uplink="(ScreenID) = (ListScreenID)" />
                        <table name="FilterHeader" uplink="(ScreenID) = (ScreenID)">
                            <table name="FilterRow" uplink="(FilterID) = (FilterID)" />
                            <table name="PivotTable" uplink="(RefNoteID) = (NoteID)">
                                <table name="PivotField" uplink="(ScreenID, PivotTableID) = (ScreenID, PivotTableID)" />
                            </table>
                            <table name="Note" uplink="(NoteID) = (NoteID)" />
                            <table name="FilterHeaderKvExt" uplink="(NoteID) = (RecordID)" />
                        </table>
                        <table name="MUIScreen" uplink="(NodeID) = (NodeID)">
                            <table name="MUIPinnedScreen" uplink="(NodeID, WorkspaceID) = (NodeID, WorkspaceID)" />
                        </table>
                        <table name="MUITile" uplink="(ScreenID) = (ScreenID)" />
                    </table>
                    <table name="Note" uplink="(NoteID) = (NoteID)" />
                </table>
                <table name="MUIWorkspace">
                    <table name="MUIFavoriteWorkspace" uplink="(WorkspaceID) = (WorkspaceID)" />
                </table>
                <table name="MUISubcategory" />
                <table name="MUIArea" />
            </layout>
            <data>
                <gidesign>
                    <row DesignID="dc97cd28-2eab-4683-b54e-1adda84611ac" Name="BCNSK-NonStockKitAvail" FilterColCount="3" PageSize="0" ExportTop="0" NewRecordCreationEnabled="0" MassDeleteEnabled="0" AutoConfirmDelete="0" MassRecordsUpdateEnabled="0" MassActionsOnRecordsEnabled="0" ExposeViaOData="0" ExposeViaMobile="0" ShowDeletedRecords="0" ShowArchivedRecords="0" NotesAndFilesTable="$&lt;None&gt;">
                        <gitable Alias="BCNSKNonStockKitAvail" Name="BCNSKNonStockKit.BCNSKNonStockKitAvail">
                            <giresult LineNbr="6" SortOrder="5" IsActive="1" Field="siteID" IsVisible="1" DefaultNav="1" QuickFilter="0" FastFilter="0" RowID="e82d8782-9f2c-4dd1-9c8a-a24ef333c170" />
                            <giresult LineNbr="5" SortOrder="4" IsActive="1" Field="maxKitQtyAvail" IsVisible="1" DefaultNav="1" QuickFilter="0" FastFilter="0" RowID="41e4d1ad-5bf0-4426-87cd-260fd701ac79" />
                            <giresult LineNbr="4" SortOrder="3" IsActive="1" Field="kitUnshippedQty" IsVisible="1" DefaultNav="1" QuickFilter="0" FastFilter="0" RowID="d27549c7-482a-4b5b-9043-81f8d346152a" />
                            <giresult LineNbr="3" SortOrder="2" IsActive="1" Field="kitInventoryID_description" IsVisible="1" DefaultNav="1" QuickFilter="0" FastFilter="0" RowID="12769e28-cac6-4871-a23a-5ce51ffae0cd" />
                            <giresult LineNbr="2" SortOrder="1" IsActive="1" Field="kitInventoryID" IsVisible="1" DefaultNav="1" QuickFilter="0" FastFilter="0" RowID="935f45b9-f4f5-4d85-a2ba-07d1da857b3c" />
                        </gitable>
                        <sitemap linkname="toDesignById">
                            <row Title="Non Stock Kit Available Quantity" Url="~/genericinquiry/genericinquiry.aspx?id=dc97cd28-2eab-4683-b54e-1adda84611ac" ScreenID="GI640113" NodeID="07622f1a-b05d-434f-8ada-1948485cea9a" ParentID="00000000-0000-0000-0000-000000000000">
                                <muiscreen IsPortal="0" WorkspaceID="bbbbbbbb-bbbb-bbbb-bbbb-bbbbbbbbbbbb" Order="701772" SubcategoryID="98e86774-69e3-41ea-b94f-eb2c7a8426d4">
                                    <muipinnedscreen IsPortal="0" Username="" IsPinned="1" />
                                </muiscreen>
                            </row>
                        </sitemap>
                    </row>
                </gidesign>
                <muiworkspace>
                    <row IsPortal="1" WorkspaceID="bbbbbbbb-bbbb-bbbb-bbbb-bbbbbbbbbbbb" Order="5" Title="Data Views" Icon="poll" IsSystem="1">
                        <muifavoriteworkspace IsPortal="0" Username="" IsFavorite="1" />
                    </row>
                    <row IsPortal="0" WorkspaceID="bbbbbbbb-bbbb-bbbb-bbbb-bbbbbbbbbbbb" Order="32" Title="Data Views" Icon="poll" IsSystem="1">
                        <muifavoriteworkspace IsPortal="0" Username="" IsFavorite="1" />
                    </row>
                </muiworkspace>
                <muisubcategory>
                    <row IsPortal="1" SubcategoryID="98e86774-69e3-41ea-b94f-eb2c7a8426d4" Order="896" Name="Inquiries" Icon="" IsSystem="1" />
                    <row IsPortal="0" SubcategoryID="98e86774-69e3-41ea-b94f-eb2c7a8426d4" Order="896" Name="Inquiries" Icon="" IsSystem="1" />
                </muisubcategory>
            </data>
        </data-set>
    </GenericInquiryScreen>
    <Sql TableName="BCNSKNonStkKitAvailView_" SqlScriptPriority="3" CustomScript="#CDATA">
        <CDATA name="CustomScript"><![CDATA[CREATE OR REPLACE VIEW BCNSKNonStockKitAvail AS
SELECT 
INKitSpecStkDet.KitInventoryID,
INSite.SiteID,
INKitSpecStkDet.CompanyID,
UnshippedNonStkKits.SumUnshippedQty AS KitUnshippedQty,
FLOOR(MIN(CASE WHEN INKitSpecStkDet.DfltCompQty > 0 THEN IFNULL(IFNULL(UnShippedNonStockKitsPerItem.NewQtyAvail, UnShippedNonStockKitsPerItem.NativeQtyAvail),0.1) / INKitSpecStkDet.DfltCompQty ELSE 0.1 END)) AS MaxKitQtyAvail
FROM 
INKitSpecStkDet
CROSS JOIN INSite AS INSite
LEFT JOIN BCNSKUnShippedNonStockKitsPerItemView AS UnShippedNonStockKitsPerItem
	ON 
    INKitSpecStkDet.CompInventoryID = UnShippedNonStockKitsPerItem.InventoryID 
    AND
    INSite.SiteID = UnShippedNonStockKitsPerItem.SiteID
    AND 
    INKitSpecStkDet.CompanyID = UnShippedNonStockKitsPerItem.CompanyID
LEFT JOIN InventoryItem AS KitItem
	ON 
    INKitSpecStkDet.KitInventoryID = KitItem.InventoryID
    AND 
    INKitSpecStkDet.CompanyID = KitItem.CompanyID
LEFT JOIN InventoryItem AS CompItem
    ON 
    INKitSpecStkDet.CompInventoryID = CompItem.InventoryID
    AND 
    INKitSpecStkDet.CompanyID = CompItem.CompanyID
LEFT JOIN UnshippedNonStkKits AS UnshippedNonStkKits
    ON 
    INKitSpecStkDet.KitInventoryID = UnshippedNonStkKits.InventoryID
    AND
    UnShippedNonStockKitsPerItem.SiteID = UnshippedNonStkKits.SiteID
    AND
    INKitSpecStkDet.CompanyID = UnshippedNonStkKits.CompanyID
WHERE 
KitItem.StkItem = 0
AND
KitItem.ItemStatus != 'Inactive'
AND
CompItem.StkItem = 1
AND
INSite.Active = 1
GROUP BY 
INKitSpecStkDet.KitInventoryID,
INSite.siteID,
INKitSpecStkDet.CompanyID,
UnshippedNonStkKits.SumUnshippedQty
;]]></CDATA>
    </Sql>
    <Sql TableName="BCNSKUnShippedNonStockKitsPerItemView_" SqlScriptPriority="2" CustomScript="#CDATA">
        <CDATA name="CustomScript"><![CDATA[CREATE OR REPLACE VIEW BCNSKUnShippedNonStockKitsPerItemView AS
SELECT 
    INKitSpecStkDet.CompanyID AS CompanyID,
    INKitSpecStkDet.CompInventoryID AS InventoryID,
    INSiteStatus.SiteID AS SiteID,
    INSiteStatus.QtyAvail AS NativeQtyAvail,
    SUM(UnshippedNonStkKits.SumUnshippedQty) AS SumUnshippedQty,
    SUM(UnshippedNonStkKits.SumUnshippedQty*INKitSpecStkDet.DfltCompQty) AS ReductionQuantity,
    INSiteStatus.QtyAvail-SUM(UnshippedNonStkKits.SumUnshippedQty*INKitSpecStkDet.DfltCompQty) AS NewQtyAvail
FROM
    INKitSpecStkDet
LEFT JOIN INSiteStatus
	ON 
    INKitSpecStkDet.CompInventoryID = INSiteStatus.InventoryID 
    AND 
    INKitSpecStkDet.CompanyID = INSiteStatus.CompanyID
LEFT JOIN UnshippedNonStkKits AS UnshippedNonStkKits
    ON 
    INKitSpecStkDet.KitInventoryID = UnshippedNonStkKits.InventoryID
    AND
    INSiteStatus.SiteID = UnshippedNonStkKits.SiteID
    AND
    INKitSpecStkDet.CompanyID = UnshippedNonStkKits.CompanyID
LEFT JOIN InventoryItem AS KitItem
	ON 
    INKitSpecStkDet.KitInventoryID = KitItem.InventoryID
    AND 
    INKitSpecStkDet.CompanyID = KitItem.CompanyID
LEFT JOIN InventoryItem AS CompItem
    ON 
    INKitSpecStkDet.CompInventoryID = CompItem.InventoryID
    AND 
    INKitSpecStkDet.CompanyID = CompItem.CompanyID
WHERE 
KitItem.StkItem = 0
AND
KitItem.ItemStatus != 'Inactive'
AND
CompItem.StkItem = 1
GROUP BY
    INKitSpecStkDet.CompInventoryID,
    INSiteStatus.SiteID,
    INKitSpecStkDet.CompanyID,
    INSiteStatus.QtyAvail
;]]></CDATA>
    </Sql>
    <Sql TableName="UnshippedNonStkKits_" SqlScriptPriority="1" CustomScript="#CDATA">
        <CDATA name="CustomScript"><![CDATA[#GET UnshippedNonStkKits
CREATE OR REPLACE VIEW UnshippedNonStkKits AS
SELECT
SOLine.InventoryID AS InventoryID,
SOLine.CompanyID AS CompanyID,
SOLine.SiteID AS SiteID,
IFNULL(SUM(SOLine.OrderQty-SOLine.shippedQty),0) AS SumUnshippedQty,
IFNULL(SUM(SOLine.OrderQty),0)  AS SumOrderQty,
IFNULL(SUM(SOLine.shippedQty),0)  AS SumShippedQty
FROM
SOLine
LEFT JOIN InventoryItem
    ON
    SOLine.InventoryID = InventoryItem.InventoryID
WHERE
InventoryItem.KitItem = 1
AND
InventoryItem.StkItem = 0
AND
SOLine.OrderType = 'SO'
AND
SOLine.Completed =0
GROUP BY SOLine.InventoryID, SOLine.CompanyID, SOLine. SiteID
;]]></CDATA>
    </Sql>
</Customization>