<Customization level="" description="" product-version="22.205">
    <Graph ClassName="GerdanNonStkKitAvailDAC" Source="#CDATA" IsNew="True" FileType="NewDac">
        <CDATA name="Source"><![CDATA[using System;
using System.Collections.Generic;
using System.Linq;
using System.Text;
using System.Threading.Tasks;

using PX.Data;

namespace GerdanNonStkKitSync
{
    [Serializable]
    [PXCacheName("GerdanNonStkKitAvailDAC")]
    public class GerdanNonStkKitAvailDAC : IBqlTable
    {
        //TODO revist this after you have passed the dev cert 
        // #region KitInventoryID
        // public abstract class kitInventoryID : PX.Data.BQL.BqlInt.Field<kitInventoryID> {}
        // ?[Inventory (IsKey=true, DisplayName = "Kit Inventory ID")]
        // // [PXDefault]
        // public virtual int? KitInventoryID {get; set;}
        // #endregion

        #region KitInventoryID
        [PXDBInt]
        [PXUIField(DisplayName = "Kit Inventory ID")]
        public virtual int? KitInventoryID { get; set; }
        public abstract class kitInventoryID : PX.Data.BQL.BqlInt.Field<kitInventoryID> { }
        #endregion

        #region InventoryCD
        [PXDBString(30, IsUnicode = true, InputMask = "")]
        [PXUIField(DisplayName = "Inventory CD")]
        public virtual string InventoryCD { get; set; }
        public abstract class inventoryCD : PX.Data.BQL.BqlString.Field<inventoryCD> { }
        #endregion

        #region ItemDisplayName
        [PXDBString(90, IsUnicode = true, InputMask = "")]
        [PXUIField(DisplayName = "Inventory Description")]
        public virtual string ItemDisplayName { get; set; }
        public abstract class itemDisplayName : PX.Data.BQL.BqlString.Field<itemDisplayName> { }
        #endregion

        #region SiteID
        [PXDBInt()]
        [PXUIField(DisplayName = "Site ID")]
        public virtual int? SiteID { get; set; }
        public abstract class siteID : PX.Data.BQL.BqlInt.Field<siteID> { }
        #endregion

        #region SiteDisplayName
        [PXDBString(90, IsUnicode = true, InputMask = "")]
        [PXUIField(DisplayName = "Site Description")]
        public virtual string SiteDisplayName { get; set; }
        public abstract class siteDisplayName : PX.Data.BQL.BqlString.Field<siteDisplayName> { }
        #endregion

        #region KitStkItem
        [PXDBBool()]
        [PXUIField(DisplayName = "Kit Stk Item")]
        public virtual bool? KitStkItem { get; set; }
        public abstract class kitStkItem : PX.Data.BQL.BqlBool.Field<kitStkItem> { }
        #endregion

        #region MaxKitQtyAvail
        [PXDBDecimal()]
        [PXUIField(DisplayName = "Max Kit Qty Avail")]
        public virtual Decimal? MaxKitQtyAvail { get; set; }
        public abstract class maxKitQtyAvail : PX.Data.BQL.BqlDecimal.Field<maxKitQtyAvail> { }
        #endregion

        #region KitUnshippedQty
        [PXDBDecimal()]
        [PXUIField(DisplayName = "Sum Of Un-shipped Kits")]
        public virtual Decimal? KitUnshippedQty { get; set; }
        public abstract class kitUnshippedQty : PX.Data.BQL.BqlDecimal.Field<kitUnshippedQty> { }
        #endregion
    }
}]]></CDATA>
    </Graph>
    <Graph ClassName="GerdanUnShippedNSKitsPerItemDAC" Source="#CDATA" IsNew="True" FileType="NewDac">
        <CDATA name="Source"><![CDATA[using System;
using PX.Data;

namespace GerdanNonStkKitSync
{
  [Serializable]
  [PXCacheName("GerdanUnShippedNSKitsPerItemDAC")]
  public class GerdanUnShippedNSKitsPerItemDAC : IBqlTable
  {
    #region InventoryID
    [PXDBInt(IsKey=true)]
    [PXUIField(DisplayName = "Inventory ID")]
    public virtual int? InventoryID { get; set; }
    public abstract class inventoryID : PX.Data.BQL.BqlInt.Field<inventoryID> { }
    #endregion

    #region InventoryCD
    [PXDBString(30, IsUnicode = true, InputMask = "")]
    [PXUIField(DisplayName = "Inventory CD")]
    public virtual string InventoryCD { get; set; }
    public abstract class inventoryCD : PX.Data.BQL.BqlString.Field<inventoryCD> { }
    #endregion

    #region Siteid
    [PXDBInt()]
    [PXUIField(DisplayName = "Siteid")]
    public virtual int? Siteid { get; set; }
    public abstract class siteid : PX.Data.BQL.BqlInt.Field<siteid> { }
    #endregion

    #region NativeQtyAvail
    [PXDBDecimal()]
    [PXUIField(DisplayName = "Native Quantity Available")]
    public virtual Decimal? NativeQtyAvail { get; set; }
    public abstract class nativeQtyAvail : PX.Data.BQL.BqlDecimal.Field<nativeQtyAvail> { }
    #endregion

    #region SumUnshippedQty
    [PXDBDecimal()]
    [PXUIField(DisplayName = "Sum Unshipped Qty")]
    public virtual Decimal? SumUnshippedQty { get; set; }
    public abstract class sumUnshippedQty : PX.Data.BQL.BqlDecimal.Field<sumUnshippedQty> { }
    #endregion

    #region ReductionQuantity
    [PXDBDecimal()]
    [PXUIField(DisplayName = "Reduction Quantity")]
    public virtual Decimal? ReductionQuantity { get; set; }
    public abstract class reductionQuantity : PX.Data.BQL.BqlDecimal.Field<reductionQuantity> { }
    #endregion

    #region NewQtyAvail
    [PXDBDecimal()]
    [PXUIField(DisplayName = "New Quantity Available")]
    public virtual Decimal? NewQtyAvail { get; set; }
    public abstract class newQtyAvail : PX.Data.BQL.BqlDecimal.Field<newQtyAvail> { }
    #endregion
  }
}]]></CDATA>
    </Graph>
    <Sql TableName="GerdanNonStkKitAvailView" SqlScriptPriority="4" CustomScript="#CDATA">
        <CDATA name="CustomScript"><![CDATA[CREATE OR REPLACE VIEW GerdanNonStkKitAvailDAC AS
SELECT 
INKitSpecStkDet.KitInventoryID, 
KitItem.InventoryCD, 
KitItem.Descr AS ItemDisplayName,
INSite.SiteID,
INSite.Descr AS SiteDisplayName,
INKitSpecStkDet.CompanyID AS CompanyID,
UnshippedNonStkKits.SumUnshippedQty AS KitUnshippedQty,
MAX(KitItem.StkItem) AS KitStkItem,
FLOOR(MIN(CASE WHEN INKitSpecStkDet.DfltCompQty > 0 THEN IFNULL(GerdanUnShippedNSKitsPerItemDAC.NewQtyAvail, GerdanUnShippedNSKitsPerItemDAC.NativeQtyAvail) / INKitSpecStkDet.DfltCompQty ELSE 0.1 END)) AS MaxKitQtyAvail
FROM 
INKitSpecStkDet
CROSS JOIN INSite AS INSite
LEFT JOIN GerdanUnShippedNSKitsPerItemDAC AS GerdanUnShippedNSKitsPerItemDAC
	ON 
    INKitSpecStkDet.CompInventoryID = GerdanUnShippedNSKitsPerItemDAC.InventoryID 
    AND
    INSite.SiteID = GerdanUnShippedNSKitsPerItemDAC.SiteID
    AND 
    INKitSpecStkDet.CompanyID = GerdanUnShippedNSKitsPerItemDAC.CompanyID
LEFT JOIN InventoryItem AS KitItem
	ON 
    INKitSpecStkDet.KitInventoryID = KitItem.InventoryID
    AND 
    INKitSpecStkDet.CompanyID = KitItem.CompanyID
LEFT JOIN InventoryItem AS CompItem
    ON 
    INKitSpecStkDet.CompInventoryID = CompItem.InventoryID
    AND 
    INKitSpecStkDet.CompanyID = CompItem.CompanyID
LEFT JOIN UnshippedNonStkKits AS UnshippedNonStkKits
    ON 
    INKitSpecStkDet.KitInventoryID = UnshippedNonStkKits.InventoryID
    AND
    INSite.SiteID = UnshippedNonStkKits.SiteID
    AND
    INKitSpecStkDet.CompanyID = UnshippedNonStkKits.CompanyID
WHERE 
KitItem.StkItem = 0
AND
KitItem.ItemStatus != 'Inactive'
AND
CompItem.StkItem = 1
AND
INSite.Active = 1
GROUP BY 
INKitSpecStkDet.KitInventoryID,
INSite.siteID,
INKitSpecStkDet.CompanyID
GO
;]]></CDATA>
    </Sql>
    <Sql TableName="GerdanUnShippedNSKitsPerItemView" SqlScriptPriority="3" CustomScript="#CDATA">
        <CDATA name="CustomScript"><![CDATA[CREATE OR REPLACE VIEW GerdanUnShippedNSKitsPerItemDAC AS
SELECT 
    INKitSpecStkDet.CompanyID AS CompanyID,
    INKitSpecStkDet.CompInventoryID AS InventoryID,
    CompItem.InventoryCD AS InventoryCD,
    INSiteStatus.SiteID AS SiteID,
    INSiteStatus.QtyAvail AS NativeQtyAvail,
    SUM(UnshippedNonStkKits.SumUnshippedQty) AS SumUnshippedQty,
    SUM(UnshippedNonStkKits.SumUnshippedQty*INKitSpecStkDet.DfltCompQty) AS ReductionQuantity,
    INSiteStatus.QtyAvail-SUM(UnshippedNonStkKits.SumUnshippedQty*INKitSpecStkDet.DfltCompQty) AS NewQtyAvail
FROM
    INKitSpecStkDet
LEFT JOIN INSiteStatus
	ON 
    INKitSpecStkDet.CompInventoryID = INSiteStatus.InventoryID 
    AND 
    INKitSpecStkDet.CompanyID = INSiteStatus.CompanyID
LEFT JOIN UnshippedNonStkKits AS UnshippedNonStkKits
    ON 
    INKitSpecStkDet.KitInventoryID = UnshippedNonStkKits.InventoryID
    AND
    INSiteStatus.SiteID = UnshippedNonStkKits.SiteID
    AND
    INKitSpecStkDet.CompanyID = UnshippedNonStkKits.CompanyID
LEFT JOIN InventoryItem AS KitItem
	ON 
    INKitSpecStkDet.KitInventoryID = KitItem.InventoryID
    AND 
    INKitSpecStkDet.CompanyID = KitItem.CompanyID
LEFT JOIN InventoryItem AS CompItem
    ON 
    INKitSpecStkDet.CompInventoryID = CompItem.InventoryID
    AND 
    INKitSpecStkDet.CompanyID = CompItem.CompanyID
WHERE 
KitItem.StkItem = 0
AND
KitItem.ItemStatus != 'Inactive'
AND
CompItem.StkItem = 1
GROUP BY
    INKitSpecStkDet.CompInventoryID,
    INSiteStatus.SiteID,
    INKitSpecStkDet.CompanyID
GO
;]]></CDATA>
    </Sql>
    <Sql TableName="UnshippedNonStkKitsView" SqlScriptPriority="2" CustomScript="#CDATA">
        <CDATA name="CustomScript"><![CDATA[#GET UnshippedNonStkKits
CREATE OR REPLACE VIEW UnshippedNonStkKits AS
SELECT
SOLine.InventoryID AS InventoryID,
SOLine.CompanyID AS CompanyID,
SOLine.SiteID AS SiteID,
IFNULL(SUM(SOLine.OrderQty-SOLine.shippedQty),0) AS SumUnshippedQty,
IFNULL(SUM(SOLine.OrderQty),0)  AS SumOrderQty,
IFNULL(SUM(SOLine.shippedQty),0)  AS SumShippedQty
FROM
SOLine
-- LEFT JOIN transaction
--     ON
--     SOLine.transaction = transaction.id
LEFT JOIN InventoryItem
    ON
    SOLine.InventoryID = InventoryItem.InventoryID
WHERE
InventoryItem.KitItem = 1
AND
InventoryItem.StkItem = 0
AND
SOLine.OrderType = 'SO'
AND
SOLine.Completed =0
GROUP BY SOLine.InventoryID, SOLine.CompanyID
;]]></CDATA>
    </Sql>
</Customization>